Fecha,Titular
2022-09-20 16:16:00,"Dow Jones Falls Amid These Fed Meeting Fears; Apple Stock Climbs; Bitcoin Falls, Coinbase Slumps"
2022-09-20 15:58:00,Tesla and Apple lead Robinhood's investor index
2022-09-20 15:12:00,Ken Fishers Latest Portfolio: 10 Best Picks Under $30
2022-09-20 15:11:00,An Anti-ESG Activist Investor Presses for Changes at Apple and Disney
2022-09-20 14:42:00,Apple iPhone 14 Demand Is Strong. Will There Be Any Left for Christmas?
2022-09-20 13:57:00,What is ESG? The latest front in the culture wars
2022-09-20 13:00:00,"Windows 11 PC is getting a ton of updates, including live captions, gaming upgrades"
2022-09-20 13:00:00,Time to Buy Tech ETFs on the Dip?
2022-09-20 12:28:00,"Apple iPhone camera shake issue may be software fix, analyst says"
2022-09-20 12:26:00,"Apple, Google Buybacks Top U.S. Companies As Repurchases Fall Nearly 22%"
2022-09-20 10:16:00,"Stocks: Tesla, Amazon dip ahead of Fed decision, Apple rises"
2022-09-20 10:09:00,Apple to Hike App Store Prices in Europe and Asia
2022-09-20 09:41:00,Netflix Rekindles Analyst Interest After 60% Wipeout
2022-09-20 09:00:00,"Spotify Offers Audiobook Service With 300,000 Titles"
2022-09-20 08:51:00,Apple hikes App Store prices in Europe and Asia as dollar soars
2022-09-20 08:35:00,5G Stocks To Buy And Watch As U.S. Plays Catch-Up Versus China
2022-09-20 08:31:00,"If I Could Only Buy 1 Stock Right Now, This Would Be It"
2022-09-20 07:48:00,"Apple Faces Back-To-Back iPhone 14 Glitches, Looks To Resolve Pro Camera Issue By Next Week"
2022-09-20 07:23:00,Here's My Top Growth Stock to Buy Now
2022-09-20 06:39:00,"The Zacks Analyst Blog Highlights Apple, Amazon, AbbVie, Philip Morris International and BlackRock"
2022-09-20 06:36:00,Ford and GE Supply-Chain Woes Show Where Fed Power Stops
2022-09-20 06:19:00,Apple iPhone 14 camera bug causes grinding and vibrating when using Instagram and TikTok
2022-09-20 05:27:00,"Stocks Edge Lower, Ford, UnitedHealth, Apple And Housing Data In Focus - Five Things To Know"
2022-09-20 05:15:00,Why Apple's iPhone 14 Could Be a Blockbuster
2022-09-20 04:53:00,"Apple helps Taiwan export orders resume growth in August, outlook mixed"
2022-09-20 04:42:00,"UPDATE 2-Apple helps Taiwan export orders resume growth in August, outlook mixed"
2022-09-20 03:51:00,"UPDATE 1-Apple to raise App Store prices in some countries in Europe, Asia"
2022-09-20 03:51:00,Apple to Hike App Store Prices in Europe and Asia
2022-09-20 00:19:00,Apple WillÂ Hike App Store Prices from Europe to Asia Next Month
2022-09-19 23:17:00,"Apple to raise App Store prices in some countries in Europe, Asia"
2022-09-19 19:00:00,Apple Readies iOS 16 Bug Fix for Next Week
2022-09-19 16:17:00,"Top Analyst Reports for Apple, Amazon.com & AbbVie"
2022-09-19 15:56:00,Apple set to release fix for iPhone 14 Pro's shaky camera
2022-09-19 13:34:00,Apple's New AirPods Pro Already On Sale at Amazon
2022-09-19 13:02:00,"Cracked iPhone back glass? Some new models much easier to fix, firm finds"
2022-09-19 12:59:00,Warren Buffett Stocks: What's Inside Berkshire Hathaway's Portfolio?
2022-09-19 12:56:00,"Cracked iPhone back glass? Some new models much easier to fix, firm finds"
2022-09-19 12:38:00,Apple Flexes Muscle as Quiet Power Behind App Group
2022-09-19 11:58:00,You May Have To Wait Longer For Your New iPhone. Why That's Good For Apple
2022-09-19 09:49:00,Nvidia Is on Sale and Cathie Wood Is a Big Buyer
2022-09-19 09:00:00,Investors Heavily Search Apple Inc. (AAPL): Here is What You Need to Know
2022-09-19 08:00:00,"With EPS Growth And More, Apple (NASDAQ:AAPL) Makes An Interesting Case"
2022-09-19 07:52:00,Apple iPhone 14's Emergency SOS Satellite Connectivity Feature Runs On Qualcomm Chips And More
2022-09-19 05:23:00,"Zacks Investment Ideas feature highlights: Pfizer, Apple and Alphabet"
2022-09-19 05:06:00,87% of Warren Buffett's Secret Portfolio Is Invested in These 5 Stocks
2022-09-19 05:00:00,Apple/satellites: smartphone service from space could add millions of new customers
2022-09-18 10:55:00,Meta Platforms Stock: Bear vs. Bull
2022-09-18 10:00:00,Apple's 5 Most Profitable Business Regions (AAPL)
2022-09-18 09:26:00,Tech's record-breaking buybacks matter for investors  here's why
2022-09-17 14:07:00,"New iPhones have Qualcomm satellite modem, new Apple radio chips"
2022-09-17 09:53:00,3 Stocks You Can Keep Forever
2022-09-17 07:20:00,CEO News From Target and Starbucks
2022-09-17 07:00:00,"Investors: ""You Don't Have to Be a Perfectionist in This Environment."""
2022-09-16 18:57:00,Weekly Roundup
2022-09-16 16:19:00,U.S. antitrust officials ask to join arguments in Apple appeal
2022-09-16 16:10:00,U.S. antitrust officials ask to join arguments in Apple appeal
2022-09-16 15:00:00,Apple Watch Series 8 Review: Best-in-Class Smartwatch
2022-09-16 14:01:00,"The Best Cases to Protect and Stylize Your iPhone 14, 14 Pro, and 14 Pro Max"
2022-09-16 13:36:00,iOS 16.1: Apple preparing new iPhone software with Live Activities and other updates
2022-09-16 12:51:00,Nervous Investors Are Slamming Tech Deals. Just Look at Adobe.
2022-09-16 12:35:00,Why Apple Stock Was Falling Earlier This Morning
2022-09-16 12:17:00,iPhone 14 and 14 Pro go on sale as Apple hopes Dynamic Island and other upgrades can win fans over
2022-09-16 12:09:00,"'The S&P is forming a bottom,' says technical analyst"
2022-09-16 11:04:00,Apple Counts on Upscale Shoppers to Turn Latest iPhone Into Hit
2022-09-16 11:00:00,Here's How I'm Playing This Bout of Market Uncertainty
2022-09-16 10:52:00,"JPMorgan bullish on Amazon, iPhone 14 demand to beat expectations, International Paper downgraded"
2022-09-16 10:40:00,"Fed reviews Goldman Sachs Marcus unit, Apple & Amazon pass on LIV Golf media rights"
2022-09-16 10:03:00,Dow Jones Sells Off As FedEx Plunges 23% On Profit Warning
2022-09-16 10:00:00,Why Warren Buffett Loves Apple
2022-09-16 09:49:00,Big Tech stocks face difficulty beyond rising rates
2022-09-16 09:34:00,Arm listing: Why UK is desperate for Cambridge chipmaker to pick London
2022-09-16 08:34:00,"Stocks To Buy And Watch: Top IPOs, Big And Small Caps, Growth Stocks"
2022-09-16 08:30:00,3 Chip Stocks That Could Be Takeover Targets: Analyst
2022-09-16 08:07:00,"Dow Jones Futures Fall, FedEx Dives; Stock Market Set To Break Key Level As Bull Case Turns Bearish"
2022-09-16 06:00:00,Tech giants have bigger problems than rising interest rates: Morning Brief
2022-09-16 05:23:00,"Apple Watch series 8 and Watch SE review: New models are slick, easy to use and responsive"
2022-09-16 05:15:00,The Genius Move by Apple That You Might Not Know About
2022-09-16 00:00:00,"Tech is down, but far from out of ESG funds"
2022-09-15 18:09:00,Why Investors Lost Their Taste for Apple Today
2022-09-15 17:27:00,Amazon's Thursday night football: Why it's a 'long-term play' for the tech giant
2022-09-15 17:26:00,Alphabet (GOOGL) Enhances Google Photos With Recent Features
2022-09-15 16:55:00,Apple iPhone 14 set to hit stores on Friday
2022-09-15 16:26:00,These 3 Semiconductor Stocks Could Be Next Acquisition Targets
2022-09-15 16:12:00,The one big downside of deleting texts in iOS 16
2022-09-15 16:00:00,"Early Apple iPhone 14 Lead Times Transcend Expectations, Says This Analyst"
2022-09-15 15:46:00,"Apple, Amazon Passed on LIV Golf Media Rights"
2022-09-15 15:35:00,5 Reasons I Wouldn't Touch Shiba Inu With a 10-Foot Pole
2022-09-15 14:35:00,3 Mega-Cap Stocks With Unbelievably Strong Free Cash Flow
2022-09-15 13:15:00,"These 20 stocks have short interest of 19% or more, and AMC and GameStop are not even in the top half"
2022-09-15 12:18:00,"Credit Card Startup Poach Apple Card's Head, Former Barclays Veteran For Key Leadership Roles"
2022-09-15 12:05:00,60% of Warren Buffett's Portfolio Is Invested in These 3 Stocks
2022-09-15 11:57:00,Apple Watch Series 8: Worth the hype?
2022-09-15 11:48:00,"Apple, Amazon pass on media rights to Saudi-backed LIV Golf - WSJ"
2022-09-15 11:42:00,"Apple, Amazon pass on media rights to Saudi-backed LIV Golf - WSJ"
2022-09-15 10:11:00,Dow Jones Reverses After Key Economic Data; 10-Year Treasury Yield Nears 11-Year High
2022-09-15 10:05:00,"Tesla has one less bear after Needham upgrades, citing several reasons to expect a stock rally"
2022-09-15 09:35:00,Why This Top Advisor Is Still Buying Apple and Microsoft Stock
2022-09-15 09:30:00,Warren Buffett Just Bought Lots of Stocks -- Here's the One I'm Most Bullish On
2022-09-15 09:04:00,The Apple Watch Series 8 shows why Apple is still the smartwatch champ
2022-09-15 09:01:00,Apple Watch SE (2nd Gen) Review: Pushing Value
